{
  "total": 575948,
  "memes": {
    "10-Guy.json": 8258,
    "Aaaaand-Its-Gone.json": 2557,
    "Aint-Nobody-Got-Time-For-That.json": 2378,
    "Am-I-The-Only-One-Around-Here.json": 7291,
    "American-Chopper-Argument.json": 2468,
    "Ancient-Aliens.json": 10555,
    "And-everybody-loses-their-minds.json": 4464,
    "Archer.json": 695,
    "Awkward-Moment-Sealion.json": 6101,
    "Back-In-My-Day.json": 5374,
    "Bad-Luck-Brian.json": 32141,
    "Bad-Pun-Dog.json": 13194,
    "Batman-Slapping-Robin.json": 14802,
    "Be-Like-Bill.json": 2743,
    "Bernie-I-Am-Once-Again-Asking-For-Your-Support.json": 347,
    "Black-Girl-Wat.json": 4010,
    "Blank-Nut-Button.json": 5714,
    "Boardroom-Meeting-Suggestion.json": 18164,
    "Brace-Yourselves-X-is-Coming.json": 5029,
    "But-Thats-None-Of-My-Business.json": 11097,
    "Captain-Picard-Facepalm.json": 8105,
    "Change-My-Mind.json": 8563,
    "Confession-Bear.json": 7778,
    "Conspiracy-Keanu.json": 4739,
    "Creepy-Condescending-Wonka.json": 10374,
    "Disaster-Girl.json": 5742,
    "Doge.json": 3323,
    "Dont-You-Squidward.json": 5599,
    "Dr-Evil-Laser.json": 2103,
    "Drake-Hotline-Bling.json": 2690,
    "Epic-Handshake.json": 473,
    "Evil-Kermit.json": 2335,
    "Evil-Toddler.json": 6106,
    "Expanding-Brain.json": 12826,
    "Face-You-Make-Robert-Downey-Jr.json": 6100,
    "Finding-Neverland.json": 3874,
    "First-World-Problems.json": 17272,
    "Futurama-Fry.json": 17325,
    "Grandma-Finds-The-Internet.json": 5160,
    "Grumpy-Cat.json": 9569,
    "Hard-To-Swallow-Pills.json": 1135,
    "Hide-the-Pain-Harold.json": 6973,
    "I-Should-Buy-A-Boat-Cat.json": 1435,
    "Ill-Just-Wait-Here.json": 4419,
    "Imagination-Spongebob.json": 1390,
    "Inhaling-Seagull.json": 5539,
    "Is-This-A-Pigeon.json": 3247,
    "Jack-Sparrow-Being-Chased.json": 3313,
    "Laughing-Men-In-Suits.json": 2515,
    "Left-Exit-12-Off-Ramp.json": 4319,
    "Leonardo-Dicaprio-Cheers.json": 8377,
    "Look-At-Me.json": 392,
    "Marked-Safe-From.json": 1308,
    "Matrix-Morpheus.json": 7833,
    "Maury-Lie-Detector.json": 2125,
    "Mocking-Spongebob.json": 5795,
    "Monkey-Puppet.json": 341,
    "Mugatu-So-Hot-Right-Now.json": 2006,
    "One-Does-Not-Simply.json": 26186,
    "Oprah-You-Get-A.json": 2137,
    "Philosoraptor.json": 19971,
    "Picard-Wtf.json": 4640,
    "Put-It-Somewhere-Else-Patrick.json": 3089,
    "Roll-Safe-Think-About-It.json": 6948,
    "Running-Away-Balloon.json": 3194,
    "Sad-Pablo-Escobar.json": 276,
    "Say-That-Again-I-Dare-You.json": 2433,
    "Scumbag-Steve.json": 2997,
    "See-Nobody-Cares.json": 1655,
    "Skeptical-Baby.json": 3368,
    "Sparta-Leonidas.json": 2201,
    "Spongebob-Ight-Imma-Head-Out.json": 1404,
    "Star-Wars-Yoda.json": 2753,
    "Steve-Harvey.json": 1304,
    "Success-Kid.json": 7074,
    "Surprised-Pikachu.json": 3507,
    "That-Would-Be-Great.json": 8600,
    "The-Most-Interesting-Man-In-The-World.json": 15850,
    "The-Rock-Driving.json": 9286,
    "The-Scroll-Of-Truth.json": 4389,
    "Third-World-Skeptical-Kid.json": 7782,
    "Third-World-Success-Kid.json": 3758,
    "This-Is-Where-Id-Put-My-Trophy-If-I-Had-One.json": 1899,
    "Too-Damn-High.json": 2875,
    "Trump-Bill-Signing.json": 1726,
    "Tuxedo-Winnie-The-Pooh.json": 2558,
    "Two-Buttons.json": 12232,
    "Uncle-Sam.json": 1007,
    "UNO-Draw-25-Cards.json": 800,
    "Unsettled-Tom.json": 4101,
    "Waiting-Skeleton.json": 8592,
    "Who-Killed-Hannibal.json": 1008,
    "Who-Would-Win.json": 1131,
    "Woman-Yelling-At-Cat.json": 4604,
    "X-All-The-Y.json": 3119,
    "X-X-Everywhere.json": 12985,
    "Y-U-No.json": 9370,
    "Yall-Got-Any-More-Of-That.json": 1719,
    "Yo-Dawg-Heard-You.json": 1520
  }
}