" › Drake Hotline Bling","aka: drakeposting, drakepost, drake hotline approves, drake no yes, drake like dislike, drake faces"
""
" › Distracted Boyfriend","aka: distracted bf, guy checking out another girl, man looking at other woman, jealous girlfriend, guy looking back, cheater temptation, wandering eyes, disloyal boyfriend, unfaithful guy, guy holding hand with girl and looks back, distraction"
" › UNO Draw 25 Cards","aka: do something you don’t like or draw 25 cards, uno dilemma, uno or draw 25, draw 25, do something you don't like or draw 25, draw 25 meme, sprite"
" › Running Away Balloon","aka: big yellow ball and pink guy, me vs my hopes and dreams, good grades and success, cant reach"
" › Drake Hotline Bling","aka: drakeposting, drakepost, drake hotline approves, drake no yes, drake like dislike, drake faces"
" › Distracted Boyfriend","aka: distracted bf, guy checking out another girl, man looking at other woman, jealous girlfriend, guy looking back, cheater temptation, wandering eyes, disloyal boyfriend, unfaithful guy, guy holding hand with girl and looks back, distraction"
""
" › UNO Draw 25 Cards","aka: do something you don’t like or draw 25 cards, uno dilemma, uno or draw 25, draw 25, do something you don't like or draw 25, draw 25 meme, sprite"
" › Running Away Balloon","aka: big yellow ball and pink guy, me vs my hopes and dreams, good grades and success, cant reach"
